<?xml version="1.0" encoding="UTF-8"?>
<!DOCTYPE suite SYSTEM "https://testng.org/testng-1.0.dtd">
<suite name="Suite" thread-count="1" parallel="tests">

    <test thread-count="1" name="FirefoxTest">
        <parameter name="browser" value="firefox"></parameter>
        <classes>
            <class name="multiBrowsers" />
        </classes>
    </test><!-- Test -->

    <test thread-count="1" name="IETest">
        <parameter name="browser" value="ie"></parameter>
        <classes>
            <class name="multiBrowsers" />
        </classes>
    </test><!-- Test -->

    <test thread-count="1" name="ChromeTest">
         <parameter name="browser" value="chrome"></parameter>
       <classes>
           <class name="multiBrowsers" />
       </classes>
</test><!-- Test -->
</suite> <!-- Suite -->